CompanyName,Sector,Category,Last Price,NAV,P/E,EPS,Paid up,Dir,Pub,Inst,Foreign,Govt
NBL,Bank,A,7.8,16.92,6.61,1.18,30664.2,30.98,47.14,20.73,1.15,0
NRBCBANK,Bank,N,27.7,16.88,11.69,2.37,0,73.32,23.22,3.46,0,0
ABBANK,Bank,B,13.9,32.26,27.8,0.5,7960.37,31.67,41.43,25.44,0.89,0.57
IFIC,Bank,A,13.1,17.18,18.71,0.7,16198.7,4.11,39.55,22.87,0.72,32.75
RUPALIBANK,Bank,A,31.9,44.1,65.1,0.49,4141.69,0,4.98,4.83,0,90.19
EXIMBANK,Bank,A,11.6,21.66,5.83,1.99,14122.5,37.95,34.57,25.95,1.54,0
DHAKABANK,Bank,A,14.3,21.69,6.44,2.22,8532.12,40.12,45.99,12.89,0,0
JAMUNABANK,Bank,A,21.3,32.06,6.02,3.54,7492.26,47.94,45.03,6.68,0.35,0
PREMIERBAN,Bank,A,13.1,21.02,6.15,2.13,10430.7,35.33,43.33,19.75,1.59,0
STANDBANKL,Bank,A,9.1,16.67,8.43,1.08,10059.9,39.49,37.35,22.69,0.47,0
MERCANBANK,Bank,A,14.5,22.61,6.42,2.26,10332.2,37.69,34.71,23.52,4.08,0
SOUTHEASTB,Bank,A,16.3,24.98,9.01,1.81,11889.4,30.18,32.75,35.86,1.21,0
FIRSTSBANK,Bank,A,10.6,18.91,3.62,2.93,9487.6,33.34,43.97,20.35,2.34,0
MTB,Bank,A,21.4,23.03,16.34,1.31,7386.32,43.97,31.67,24.2,0.16,0
NCCBANK,Bank,A,14.7,22.15,6.23,2.36,9459.26,37.58,40.79,21.08,0.55,0
PRIMEBANK,Bank,A,22.3,25.15,13.85,1.61,11322.8,39.02,27.03,33.46,0.49,0
CITYBANK,Bank,A,26.7,29.03,6.08,4.39,10163.9,32.88,42.05,21.63,3.44,0
BRACBANK,Bank,A,50.5,36.63,15.17,3.33,13258.8,46.24,5.88,9.89,37.99,0
ALARABANK,Bank,A,22.4,22.35,9.29,2.41,10649,41.87,36.3,21.08,0.75,0
DUTCHBANGL,Bank,A,84.1,58.65,8.41,10,6325,86.99,8.48,4.52,0.01,0
UCB,Bank,A,16,29.35,6.61,2.42,12175.2,36.67,41.35,20.01,1.16,0.81
PUBALIBANK,Bank,A,24.4,37.63,6.78,3.6,10282.9,31.49,41.09,27,0.42,0
ONEBANKLTD,Bank,A,13,19.31,8.28,1.57,8853.46,32.06,39.06,28.49,0.39,0
UTTARABANK,Bank,A,23.5,34.79,5.49,4.28,5019.41,30.54,46.02,23.04,0.4,0
SHAHJABANK,Bank,A,20.1,18.33,10.31,1.95,10291,48.77,37.66,13.42,0,0
ICBIBANK,Bank,Z,5.1,-17.54,-18.21,-0.28,6647.02,52.76,24.65,22.44,0,0.17
ISLAMIBANK,Bank,A,28.8,38.89,9.66,2.98,16100,51.32,14.11,14.07,20.5,0
TRUSTBANK,Bank,A,35,27.37,12.5,2.8,6432.96,60,22.41,16.91,0.68,0
SIBL,Bank,A,13.4,19.29,8.02,1.67,9380.08,30.05,18.93,49.66,1.36,0
EBL,Bank,A,34.6,36.28,6.72,5.15,8118,30.18,23.92,45.29,0.61,0
ARAMITCEM,Cement,Z,49.7,25.63,-7.24,-6.86,338.8,47.14,37.39,15.47,0,0
CONFIDCEM,Cement,A,137.5,67.24,16.57,8.3,745.09,30.03,53.36,16.61,0,0
LHBL,Cement,A,63.4,14.89,31.23,2.03,11613.7,64.68,18.47,16.04,0.81,0
MEGHNACEM,Cement,A,73.9,32.73,35.53,2.08,272.87,49.76,15.08,35.16,0,0
PREMIERCEM,Cement,A,73,4.18,28.63,2.55,1054.5,47.74,36.88,15.67,0.01,0
HEIDELBCEM,Cement,A,329,68.1,-230.07,-1.43,565.04,60.67,12.5,26.32,0.51,0
MICEMENT,Cement,A,72.6,46.38,-81.57,-0.89,1485,67.08,15.92,16.93,0.07,0
MONNOCERA,Ceramics Sector,A,124.1,59.5,248.2,0.5,377.24,57.58,37.98,4.38,0.06,0
FUWANGCER,Ceramics Sector,B,22.4,11.6,47.66,0.47,1362.69,7.33,61.28,30.99,0.4,0
RAKCERAMIC,Ceramics Sector,A,36.9,16.41,50.55,0.73,4279.69,72.1,11.93,15.97,0,0
SPCERAMICS,Ceramics Sector,B,33.8,29.09,160.95,0.21,1469.66,50,41.52,8.48,0,0
STANCERAM,Ceramics Sector,B,222.3,9.56,-35.17,-6.32,64.61,30.5,66.3,3.2,0,0
IBBLPBOND,Corporate Bond,A,1036.5,0,0,0,3000,6.709,14.135,78.669,0.487,0
MIRAKHTER,Engineering,N,90.2,0,0,0,0,48.58,46.95,4.47,0,0
GPHISPAT,Engineering,A,37.3,17.01,47.22,0.79,3971.06,49.61,33.46,16.93,0,0
NPOLYMAR,Engineering,A,59,35.87,14.32,4.12,730,38.01,43.86,18.13,0,0
OAL,Engineering,B,14.8,13.98,-28.46,-0.52,1695.27,25.81,54.88,19.31,0,0
NTLTUBES,Engineering,A,104.5,153.5,1741.67,0.06,348.22,0.05,39.46,9.49,0,51
GOLDENSON,Engineering,B,18.9,0.1,-18,-1.05,1717.3,38.98,43.5,17.5,0,0
OIMEX,Engineering,A,26.4,13.96,51.76,0.51,670.85,30.14,32.42,37.44,0,0
IFADAUTOS,Engineering,A,54.1,39.73,58.35,0.9271,2529.5,54.87,16.05,28.25,0.83,0
BDTHAI,Engineering,B,26.5,27.6,126.19,0.21,1277.75,30.32,43.31,25.7,0.67,0
RENWICKJA,Engineering,A,880.2,0.08,-27.21,-32.35,20,0,31.47,17.51,0,51
APOLOISPAT,Engineering,B,10.1,20.19,202,0.05,4013.09,20.24,56.88,22.32,0.56,0
ANWARGALV,Engineering,A,253.9,10.85,125.07,2.03,152.46,35.2,49.21,15.51,0,0
SALAMCRST,Engineering,A,32.4,19.01,58.91,0.55,983.71,53.07,20.58,26.35,0,0
DOMINAGE,Engineering,A,27.3,0,19.23,1.42,0,30.2,48.86,20.91,0.03,0
MONNOAGML,Engineering,A,618.5,0,0,0,0,42.98,53.65,3.27,0.1,0
BDLAMPS,Engineering,A,192.3,59.98,-19.46,-9.88,94,61.88,27.54,10.55,0.03,0
SSSTEEL,Engineering,A,21.9,17.48,14.13,1.55,3042.9,35.48,45.71,18.81,0,0
WALTONHIL,Engineering,A,1410.5,264.48,58.26,24.21,0,99.03,0.53,0.44,0,0
NAVANACNG,Engineering,A,39.6,35.63,44,0.9,685.28,42.49,28.97,28.54,0,0
RUNNERAUTO,Engineering,A,66.9,63.39,33.96,1.97,1135.4,50.04,21.02,28.94,0,0
RSRMSTEEL,Engineering,A,25.5,49.69,24.29,1.05,1011.89,47.03,33.4,19.88,0,0
BENGALWTL,Engineering,B,29.2,24.39,243.33,0.12,914.76,53.23,17.23,29.54,0,0
BBS,Engineering,A,20.4,15.7,29.14,0.7,1629.3,26.2,35.39,38.28,0.13,0
COPPERTECH,Engineering,A,35.6,11.24,101.71,0.35,630,30.07,55.79,14.14,0,0
ATLASBANG,Engineering,B,126,131,-93.33,-1.35,331.27,0,32.37,16.63,0,51
YPL,Engineering,B,14.9,11.74,1490,0.01,736.99,30.52,59.01,10.47,0,0
WMSHIPYARD,Engineering,A,15.2,24.06,17.67,0.86,2352.04,30.01,53,16.99,0,0
AFTABAUTO,Engineering,A,32.4,60.95,360,0.09,957.32,30,34.76,35.24,0,0
BDAUTOCA,Engineering,A,144.3,6.79,424.41,0.34,43.26,30.06,59.19,10.75,0,0
BBSCABLES,Engineering,A,64.3,32.52,9.65,6.66,1920.27,32.76,48.09,19.03,0.12,0
KDSALTD,Engineering,A,49.4,24.99,22.66,2.18,711.82,72.87,18.86,8.27,0,0
QUASEMIND,Engineering,A,50.5,31.01,72.14,0.7,661.15,30,43.67,26.3,0,0
ECABLES,Engineering,B,147.5,15.11,-22.83,-6.46,264,17.77,13.63,17.6,0,51
DESHBANDHU,Engineering,B,15.7,10.48,157,0.1,613.65,33.54,59.22,7.24,0,0
RANFOUNDRY,Engineering,A,140,27.73,45.02,3.11,100,49.89,33.63,16.48,0,0
NAHEEACP,Engineering,A,45.5,17.09,18.42,2.47,683.6,39.58,52.37,8.05,0,0
BSRMSTEEL,Engineering,A,57,56.84,28.93,1.97,3759.53,70.57,11.53,17.53,0.37,0
SHURWID,Engineering,A,21,12.21,15.22,1.38,573.68,12.01,69.04,18.95,0,0
BSRMLTD,Engineering,A,87.1,99.89,22.33,3.9,2360.68,40.98,22.7,19.25,17.07,0
KAY&QUE,Engineering,B,245,76.79,556.82,0.44,49.03,31.88,60.42,7.7,0,0
SINGERBD,Engineering,A,181.4,32.19,23.11,7.85,997.03,57,13.97,22.96,6.07,0
AZIZPIPES,Engineering,B,110.8,8.02,426.15,0.26,53.47,33.83,62.69,3.88,0,0
ICB,Financial Institutions,A,124.8,56.49,168.65,0.74,7674.43,69.81,1.48,1.71,0,27
BDFINANCE,Financial Institutions,A,50.6,17.86,28.11,1.8,1775.81,30.87,54.77,14.36,0,0
DBH,Financial Institutions,A,75.8,41.72,13.11,5.78,1772.63,51.32,13.5,13.19,21.99,0
GSPFINANCE,Financial Institutions,A,22.4,22.49,15.34,1.46,1427.9,35.51,36.91,27.58,0,0
ISLAMICFIN,Financial Institutions,A,23.9,14.99,15.52,1.54,1403.27,32.57,31.98,35.46,0,0
FASFIN,Financial Institutions,B,7.8,12.05,4.04,1.93,1490.77,13.2,70.21,16.59,0,0
NHFIL,Financial Institutions,A,45.3,17.91,16.47,2.75,1170.31,60.79,19.97,9.9,0,9.34
LANKABAFIN,Financial Institutions,A,37.1,18.73,20.5,1.81,5388.39,33.56,45.86,19.38,1.2,0
MIDASFIN,Financial Institutions,B,20.3,10.98,29.85,0.68,1389.93,54.8,31.39,12.65,1.16,0
FAREASTFIN,Financial Institutions,Z,7.2,0.81,-1.64,-4.38,1640.63,41.88,45.67,12.38,0.07,0
ILFSL,Financial Institutions,B,8.3,12.72,-0.07,-126.36,2218.1,41.54,29.49,28.9,0.07,0
IDLC,Financial Institutions,A,60.9,40.41,9.04,6.74,3859.03,56.66,9.14,23.1,11.1,0
BAYLEASING,Financial Institutions,A,28.7,19.8,26.33,1.09,1408.88,29.64,31.92,38.31,0.13,0
UNITEDFIN,Financial Institutions,A,18,17.11,15.93,1.13,1871.15,51.83,28.74,19.43,0,0
UNIONCAP,Financial Institutions,B,9.1,7.21,2.21,4.12,1725.74,36.12,42.96,20.92,0,0
IPDC,Financial Institutions,A,28.6,16.34,15.05,1.9,3710.92,48.04,10.94,16.79,2.35,21.88
PREMIERLEA,Financial Institutions,B,9.9,18.96,58.24,0.17,1329.7,30,45.64,24.36,0,0
PRIMEFIN,Financial Institutions,B,13.3,8.94,70,0.19,2729.16,59.14,28.77,12.08,0.01,0
UTTARAFIN,Financial Institutions,A,38.9,62.45,4.12,9.45,1314.82,44.44,13.04,34.7,7.82,0
FIRSTFIN,Financial Institutions,Z,7.6,8.55,6.55,1.16,1162.2,41.31,34.21,24.48,0,0
PHOENIXFIN,Financial Institutions,A,32.2,22.01,23.68,1.36,1481.02,34.95,43.96,21.09,0,0
BIFC,Financial Institutions,Z,6.9,-79.45,-0.53,-13.05,1006.79,34.73,17.63,47.64,0,0
RAHIMAFOOD,Food & Allied,A,253.7,0,0,0,0,0,0,0,0,0
BEACHHATCH,Food & Allied,Z,19,0.0013,-55.88,-0.34,414,34.97,45.18,19.85,0,0
FINEFOODS,Food & Allied,B,54,10.82,287.23,0.188,139.74,6.38,78.97,14.65,0,0
BANGAS,Food & Allied,A,131,21.67,218.33,0.6,76.25,30.99,62.95,5.95,0.11,0
FUWANGFOOD,Food & Allied,B,20.9,11.7,38,0.55,1108.39,9.86,67.19,22.5,0.45,0
BATBC,Food & Allied,A,557,188.89,9.21,60.48,5400,72.91,5.76,10.84,9.85,0.64
GHAIL,Food & Allied,A,18.3,15.02,457.5,0.04,2158,32.88,27.18,39.85,0.09,0
MEGHNAPET,Food & Allied,Z,16.3,-4.22,-54.33,-0.3,120,50,50,0,0,0
TAUFIKA,Food & Allied,N,30,0,0,0,0,0,0,0,0,0
EMERALDOIL,Food & Allied,Z,35.1,17.23,10.54,3.33,597.14,28.42,55.99,15.59,0,0
RDFOOD,Food & Allied,B,41.2,14.5,132.9,0.31,723.15,31.14,57.94,10.92,0,0
GEMINISEA,Food & Allied,A,166.7,0.21,-16.96,-9.83,46.96,33.65,61.64,4.02,0.69,0
OLYMPIC,Food & Allied,A,175.4,41.22,17.31,10.13,1999.39,27.73,15.43,17.06,39.78,0
NTC,Food & Allied,A,525,116.75,-9.42,-55.71,66,50.72,35.05,9.9,0,4.33
UNILEVERCL,Food & Allied,A,2900,123.08,66,43.94,0,0,0,0,0,0
SHYAMPSUG,Food & Allied,Z,65.6,-867.97,-0.54,-121.38,50,0,47.31,1.69,0,51
ZEALBANGLA,Food & Allied,Z,153.8,-701.46,-1.64,-93.69,60,0,37.57,11.43,0,51
APEXFOODS,Food & Allied,A,141,120.63,75,1.88,57.02,38.96,55.68,5.38,0,0
MEGCONMILK,Food & Allied,Z,15,-51.88,-1.99,-7.52,160,50,50,0,0,0
AMCL(PRAN),Food & Allied,A,214,81.99,37.54,5.7,80,40.15,43.78,16.07,0,0
INTRACO,Fuel & Power,A,23.3,12.28,42.36,0.55,909.56,30.66,49,20.13,0,0
LINDEBD,Fuel & Power,A,1340,355.75,18.99,70.55,152.18,60,8.1,31.9,0,0
SUMITPOWER,Fuel & Power,A,44.3,31.5,8.57,5.17,10678.8,63.21,14.51,18.63,3.65,0
LRBDL,Fuel & Power,N,50,0,0,0,0,35.7,41.73,22.57,0,0
EPGL,Fuel & Power,N,51.9,0,0,0,0,0,0,0,0,0
CVOPRL,Fuel & Power,B,117,13.9,-229.41,-0.51,252.45,45.4,32.03,22.39,0.27,0
JAMUNAOIL,Fuel & Power,A,171.4,161.4,9.45,18.13,1104.25,0,9.76,26.5,0.76,62.98
BARKAPOWER,Fuel & Power,A,28.2,20,10.93,2.58,2354.66,31.04,41.39,27.57,0,0
POWERGRID,Fuel & Power,A,50.8,110.39,11.42,4.45,7127.26,79,6.02,14.92,0.06,0
AOL,Fuel & Power,A,50.6,19.25,27.06,1.87,0,0,0,0,0,0
MJLBD,Fuel & Power,A,86,36.66,15.58,5.52,3167.52,71.52,7.69,20.61,0.18,0
GBBPOWER,Fuel & Power,A,34.4,19.93,30.18,1.14,1018.04,32.01,35.93,32.06,0,0
DOREENPWR,Fuel & Power,A,67.7,44.68,11.13,6.08,1443.87,66.61,10.34,23.05,0,0
PADMAOIL,Fuel & Power,A,224,157.64,8.06,27.79,982.32,2.06,15.56,31.11,0.92,50.35
SPCL,Fuel & Power,A,74.7,34.94,16.71,4.47,1725.51,60.29,19.67,20.04,0,0
MPETROLEUM,Fuel & Power,A,192.3,148.21,6.76,28.45,1082.16,0,8.85,32.11,0.32,58.67
BDWELDING,Fuel & Power,Z,20.8,11.61,-260,-0.08,433.49,31.01,65.39,2.88,0.72,0
DESCO,Fuel & Power,A,35.6,46.76,30.96,1.15,3975.7,0,9.14,23.16,0.07,67.63
TITASGAS,Fuel & Power,A,37.5,71.39,10.3,3.64,9892.22,0,9.62,14.75,0.63,75
EASTRNLUB,Fuel & Power,A,1405,178.45,258.75,5.43,9.94,15.04,22.62,11.34,0,51
KPCL,Fuel & Power,A,37.6,24.6,11.06,3.4,3974.13,66.99,20.51,9.2,0.3,0
UPGDCL,Fuel & Power,A,282.9,56.64,25.12,11.26,5796.95,90,2.72,7.24,0.04,0
BPPL,Fuel & Power,N,35,0,0,0,0,38.15,40.22,21.63,0,0
ITC,IT Sector,A,42.4,15.93,35.04,1.21,1285.93,51.09,23.59,25.1,0.22,0
ISNLTD,IT Sector,B,46.8,12.94,260,0.18,109.2,21.62,65.81,12.57,0,0
GENEXIL,IT Sector,A,90.8,17.5,26.55,3.42,1032.24,34.99,38.46,26.55,0,0
BDCOM,IT Sector,A,26.2,15.69,22.78,1.15,543.68,30,44.98,25.02,0,0
INTECH,IT Sector,B,37.6,10.7,250.67,0.15,313.21,30.14,60.81,8.96,0,0
AGNISYSL,IT Sector,B,23.5,14.05,75.81,0.31,725.56,9.33,44.67,46,0,0
EGEN,IT Sector,N,52.8,0,0,0,0,37.77,32,29.78,0.45,0
ADNTEL,IT Sector,A,52.5,25.27,18.36,2.86,646.52,51.56,22.7,23.75,1.99,0
AAMRATECH,IT Sector,A,28.6,23.48,19.59,1.46,581.38,30,23.04,46.96,0,0
DAFODILCOM,IT Sector,A,59.2,13.75,65.05,0.91,499.12,41.39,33.39,25.07,0.15,0
AAMRANET,IT Sector,A,44,35.95,13.79,3.19,562.24,33.04,22.8,28.18,15.98,0
SONALILIFE,Insurance,N,73,0,0,0,0,0,0,0,0,0
PROGRESLIF,Insurance,A,111.5,21.87,104.21,1.07,151.3,38.82,38.8,22.38,0,0
PHENIXINS,Insurance,A,56.7,34.88,24.55,2.31,403.42,46.26,29.44,24.3,0,0
AGRANINS,Insurance,A,57.9,18.11,33.66,1.72,317.57,30.72,60.06,9.22,0,0
RUPALILIFE,Insurance,A,73,0,0,0,294.26,32.07,54.71,13.22,0,0
SANDHANINS,Insurance,A,41.9,18.37,28.7,1.46,1096.99,31.54,44.11,24.35,0,0
DHAKAINS,Insurance,A,75.9,31.61,26.26,2.89,401.25,61.35,29.42,9.07,0.16,0
EIL,Insurance,N,37,18.04,28.24,1.31,0,0,0,0,0,0
NITOLINS,Insurance,A,55,27.23,19.37,2.84,402.08,35,56.75,8.25,0,0
STANDARINS,Insurance,A,81.8,19.09,39.52,2.07,432.97,52.4,44.06,4.58,0,0
REPUBLIC,Insurance,A,54.2,16.18,22.97,2.36,463.72,31.88,41.36,26.76,0,0
SONARBAINS,Insurance,A,83.6,19.62,40,2.09,400.41,36.78,45.21,18.01,0,0
PURABIGEN,Insurance,A,41.9,13.09,36.12,1.16,553.05,31.75,54.81,0,0,0
GREENDELT,Insurance,A,122,68.95,17.04,7.16,1001.88,33.8,37.58,20.62,8,0
CRYSTALINS,Insurance,N,55.6,20.98,12.14,4.58,0,60,33.21,6.77,0.02,0
DELTALIFE,Insurance,A,142.6,NaN,0,0,1237.5,36.64,38.91,23.78,0.67,0
PRAGATILIF,Insurance,A,99.4,0,0,0,153.52,41.32,33.78,24.9,0,0
FEDERALINS,Insurance,B,35.5,12.4,26.69,1.33,676.57,38.17,53.58,8.25,0,0
DGIC,Insurance,N,44,0,0,0,0,0,0,0,0,0
EASTLAND,Insurance,A,36.8,21.32,32.86,1.12,814.37,43.13,33.18,23.69,0,0
ASIAPACINS,Insurance,A,67.3,20.63,34.16,1.97,423.5,39.66,34.96,25.38,0,0
NORTHRNINS,Insurance,A,58.2,20.24,33.45,1.74,426.6,31.51,44.74,23.75,0,0
CONTININS,Insurance,A,45.5,19.84,35.27,1.29,400.05,32.25,58.26,9.49,0,0
BGIC,Insurance,A,45.7,18.65,36.56,1.25,540.27,33.98,26.41,39.61,0,0
PRAGATIINS,Insurance,A,95.1,53.51,23.37,4.07,655.9,38.1,39.19,22.71,0,0
PADMALIFE,Insurance,B,37,0,0,0,388.8,34.79,50.98,14.23,0,0
KARNAPHULI,Insurance,A,39.3,18.82,24.56,1.6,448.76,30.18,56.03,13.79,0,0
RELIANCINS,Insurance,A,102.1,60.73,19.6,5.21,1051.61,65.2,31.44,3.36,0,0
POPULARLIF,Insurance,A,102.6,108.9,27.21,3.77,604.28,30.3,57.09,12.61,0.21,0
PARAMOUNT,Insurance,A,95.2,26.62,17.7,5.38,406.65,48.49,41.27,10.22,0.02,0
CITYGENINS,Insurance,B,37.5,16.88,21.19,1.77,681.66,36.06,45.96,17.75,0.23,0
RUPALIINS,Insurance,A,40.6,21.3,21.37,1.9,766.65,46.31,41.95,11.74,0,0
CENTRALINS,Insurance,A,55.5,25.02,25.46,2.18,494.37,42,43.5,10.5,0,4
JANATAINS,Insurance,A,37.5,14.45,30,1.25,422.84,38.66,51.32,10.02,0,0
ASIAINS,Insurance,A,99,20.62,42.31,2.34,470.69,48.27,34.87,16.86,0,0
PRIMELIFE,Insurance,A,63,0,0,0,305,36.08,22.49,41.39,0.04,0
GLOBALINS,Insurance,A,57.9,12.75,37.84,1.53,386.21,0,44.2,0,0,0
ISLAMIINS,Insurance,A,54.7,15.89,25.09,2.18,374.23,39.49,39.78,20.73,0,0
SUNLIFEINS,Insurance,Z,34,0,0,0,357.61,40.8,32.55,26.65,0,0
FAREASTLIF,Insurance,A,57.1,NaN,0,0,747,32.56,23.36,42.81,1.27,0
TAKAFULINS,Insurance,A,57.9,17.97,35.09,1.65,425.87,50.87,27.55,21.5,0.08,0
MERCINS,Insurance,B,53.5,19.05,31.85,1.68,430.95,32.85,40.84,26.31,0,0
BNICL,Insurance,A,115.2,20.17,49.66,2.32,442.5,59.54,31.12,10.3,0.04,0
PRIMEINSUR,Insurance,A,61.6,17.62,46.67,1.32,408.78,37.89,54.11,8,0,0
PEOPLESINS,Insurance,B,44,27.14,19.47,2.26,462,30.41,58.89,10.7,0,0
EASTERNINS,Insurance,A,114,47.33,34.23,3.33,431.1,55.46,24.01,20.53,0,0
UNITEDINS,Insurance,A,60.9,33.04,29.85,2.04,445,42.94,19.94,37.2,0,0
NATLIFEINS,Insurance,A,238,NaN,0,0,1085.22,68.49,14.87,16.34,0.3,0
MEGHNALIFE,Insurance,A,82.7,0,0,0,335.22,26.38,42.66,30.96,0,0
PROVATIINS,Insurance,A,198.6,21.11,64.06,3.1,297.03,30.03,48.45,21.52,0,0
SONALIANSH,Jute,A,477,225.53,769.35,0.62,27.12,50.78,43.59,5.63,0,0
NORTHERN,Jute,A,303.8,81.66,26.81,11.33,21.42,15.09,84.91,0,0,0
JUTESPINN,Jute,Z,149.9,-303.56,-3.3,-45.43,17,39.82,36.98,23.2,0,0
BSC,Miscellaneous,A,46.6,56.03,17.13,2.72,1525.35,0,23.6,24.3,0,52.1
KBPPWBIL,Miscellaneous,B,13.6,12.55,-151.11,-0.09,980.8,30.13,44.95,24.92,0,0
BEXIMCO,Miscellaneous,B,96.3,69.33,188.82,0.51,8763.19,30.55,52.8,15,1.47,0
NFML,Miscellaneous,A,35.6,12.76,209.41,0.17,924.37,30.4,46.72,22.84,0.04,0
MIRACLEIND,Miscellaneous,B,37.5,31.93,-10.36,-3.62,352.18,30,70,0,0,0
ARAMIT,Miscellaneous,A,327.8,145.79,97.56,3.36,60,63.58,17.89,18.53,0,0
SINOBANGLA,Miscellaneous,A,55.7,25.69,42.52,1.31,199.97,30.61,65.51,3.88,0,0
SKTRIMS,Miscellaneous,A,41.3,13.8,22.69,1.82,847,31.23,37.88,30.89,0,0
BERGERPBL,Miscellaneous,A,1903.9,204.2,36.46,52.22,463.78,95,1.44,3.42,0.14,0
SAVAREFR,Miscellaneous,Z,232,2.88,-200,-1.16,13.93,50.68,42.14,0,0,0
GQBALLPEN,Miscellaneous,A,134,134.21,-17.54,-7.64,89.28,41.88,56.6,1.47,0.05,0
AMANFEED,Miscellaneous,A,70.2,34.8,25.9,2.71,1309.7,63.26,23.73,13,0.01,0
USMANIAGL,Miscellaneous,Z,57.7,92.45,-8,-7.21,174.11,2,36.99,10.01,0,51
INDEXAGRO,Miscellaneous,N,120.3,0,0,0,0,57.77,20.09,22.14,0,0
POPULAR1MF,Mutual Funds,A,7.5,12.14,5.77,1.3,2990.8,10,40.89,49.11,0,0
ICB3RDNRB,Mutual Funds,A,8,7.99,14.04,0.57,1000,10.03,34.6,52.7,2.67,0
IFIC1STMF,Mutual Funds,A,7.9,12.09,6.53,1.21,1821.67,20.83,28.25,50.92,0,0
IFILISLMF1,Mutual Funds,A,7.7,9.38,8.02,0.96,1000,1,39.03,59.96,0.01,0
PHPMF1,Mutual Funds,A,7.9,11.86,6.48,1.22,2818.93,10.26,21.54,68.2,0,0
EBLNRBMF,Mutual Funds,A,8.2,11.86,7.19,1.14,2242.61,16.67,11.26,72.07,0,0
EXIM1STMF,Mutual Funds,A,9.5,12.37,7.98,1.19,1432.56,21.97,6.75,71.28,0,0
SEMLLECMF,Mutual Funds,A,13.3,11.03,13.85,0.96,500,10,35.62,54.38,0,0
FBFIF,Mutual Funds,A,7.3,12.15,6.19,1.18,7761.47,55,10.5,34.5,0,0
MBL1STMF,Mutual Funds,A,9.3,12.35,9.79,0.95,1000,10,11.13,72.06,6.81,0
ICBAGRANI1,Mutual Funds,A,9.7,10.17,16.17,0.6,981.51,50.94,13.79,35.27,0,0
ABB1STMF,Mutual Funds,A,8,12.78,6.25,1.28,2390.9,17.6,34.66,47.74,0,0
EBL1STMF,Mutual Funds,A,9.7,11.91,8.22,1.18,1447.54,2,26.22,71.78,0,0
GREENDELMF,Mutual Funds,A,9.5,12,10,0.95,1500,8.33,16.71,71.84,3.12,0
AIBL1STIMF,Mutual Funds,A,9.9,11.9,12.07,0.82,1000,10,15.3,72.74,1.96,0
TRUSTB1MF,Mutual Funds,A,8.1,12.35,6.81,1.19,3035.86,1.51,37.28,61.21,0,0
GRAMEENS2,Mutual Funds,A,19.8,19.71,17.52,1.13,1823.97,20.52,17.57,55.91,6,0
CAPMBDBLMF,Mutual Funds,A,14.7,10.33,19.09,0.77,501,19.948,12.438,67.614,0,0
ICBEPMF1S1,Mutual Funds,A,8.6,7.99,14.1,0.61,750,10,43.97,46.03,0,0
CAPMIBBLMF,Mutual Funds,A,25,10.03,-1250,-0.02,668.53,74.79,24.246,0.964,0,0
ATCSLGF,Mutual Funds,A,13.6,13.47,10.71,1.27,617.86,27.27,43.12,29.56,0.05,0
1STPRIMFMF,Mutual Funds,A,22,17.61,18.8,1.17,200,2,77.9,20.09,0.01,0
SEMLFBSLGF,Mutual Funds,A,13.5,0,0,0,729.44,35.64,28.48,35.88,0,0
DBH1STMF,Mutual Funds,A,9.8,11.96,10.1,0.97,1200,16.67,19.2,62.37,1.76,0
ICBAMCL2ND,Mutual Funds,A,13,10.73,20.97,0.62,500,0,31.73,68.26,0.01,0
SEMLIBBLSF,Mutual Funds,A,13.9,10.33,106.92,0.13,1000,50,10.16,39.84,0,0
VAMLBDMF1,Mutual Funds,A,10.1,11.45,9.81,1.03,1043.2,17.73,5.78,76.49,0,0
RELIANCE1,Mutual Funds,A,14,14.07,15.22,0.92,605,20,24.66,55.34,0,0
NLI1STMF,Mutual Funds,A,17.5,16.24,10.74,1.63,503,32.78,25.87,41.35,0,0
1JANATAMF,Mutual Funds,A,8.7,12.06,7.5,1.16,2899.23,71.53,10.17,17.98,0.32,0
PF1STMF,Mutual Funds,A,11.8,8.38,22.69,0.52,600,33.33,33.79,32.87,0.01,0
LRGLOBMF1,Mutual Funds,A,8.8,10.56,11.28,0.78,3110.8,15.06,5.34,74.82,4.78,0
ICBSONALI1,Mutual Funds,A,9.7,9.36,12.93,0.75,1000,25,8.33,66.67,0,0
VAMLRBBF,Mutual Funds,A,9.9,10.38,-55,-0.18,1587.45,25.2,4.12,70.68,0,0
NCCBLMF1,Mutual Funds,A,9.2,11.17,9.15,1.0057,1085.03,15,12.37,71.25,1.38,0
PRIME1ICBA,Mutual Funds,A,8.4,8.62,11.2,0.75,1000,20,23.15,56.84,0.01,0
BPML,Paper & Printing,A,47.4,43.55,28.9,1.64,1737.91,70.86,21.24,7.9,0,0
HAKKANIPUL,Paper & Printing,B,76.4,25.82,1091.43,0.07,190,46.26,43.79,9.95,0,0
PAPERPROC,Paper & Printing,Z,129.5,0,0,0,0,43.97,49.27,6.76,0,0
SONALIPAPR,Paper & Printing,A,308.8,307.88,191.8,1.61,0,72.06,22.4,5.54,0,0
KPPL,Paper & Printing,B,16.1,11.91,-44.72,-0.36,730.4,39.76,56.22,4.02,0,0
MONOSPOOL,Paper & Printing,Z,164.1,0,0,0,0,53.82,44.48,1.7,0,0
ORIONPHARM,Pharmaceuticals & Chemicals,A,57.1,76.77,20.11,2.84,2340,31.98,27.42,39.48,1.12,0
KEYACOSMET,Pharmaceuticals & Chemicals,B,8.9,0.25,37.08,0.24,10021.1,46.27,44.33,9.4,0,0
ACMELAB,Pharmaceuticals & Chemicals,A,75.6,90,11.04,6.85,2116,41.61,28.7,29.56,0.13,0
ORIONINFU,Pharmaceuticals & Chemicals,A,74.1,12.66,50.75,1.46,203.6,40.61,51.58,7.6,0.21,0
IBP,Pharmaceuticals & Chemicals,A,22.3,13.61,15.93,1.4,1115.07,46.37,44.47,9.07,0.09,0
MARICO,Pharmaceuticals & Chemicals,A,2327.2,51.95,23.58,98.69,315,90,1.43,3.29,5.28,0
SILCOPHL,Pharmaceuticals & Chemicals,A,33.2,21.64,41.5,0.8,1038.07,39.12,45.05,15.83,0,0
SILVAPHL,Pharmaceuticals & Chemicals,A,22.7,16.1,26.09,0.87,1365,52.39,33.44,14.16,0.01,0
PHARMAID,Pharmaceuticals & Chemicals,A,424.7,82.54,25.25,16.82,31.2,24.22,72.4,3.38,0,0
SQURPHARMA,Pharmaceuticals & Chemicals,A,221.4,91.57,13.99,15.82,8442.39,34.57,36.66,12.05,16.72,0
GHCL,Pharmaceuticals & Chemicals,B,37.8,54.46,32.03,1.18,720,69.03,10.51,20.46,0,0
ACTIVEFINE,Pharmaceuticals & Chemicals,B,24.6,22.71,8.28,2.97,2399.37,12.04,49.95,34.9,3.11,0
JMISMDL,Pharmaceuticals & Chemicals,A,376.8,121.66,86.62,4.35,221,79.65,16.57,3.78,0,0
BXPHARMA,Pharmaceuticals & Chemicals,A,183.5,80.12,21.16,8.67,4055.56,13.19,20.99,33.06,36.7,0
FARCHEM,Pharmaceuticals & Chemicals,A,13.9,13.96,42.12,0.33,2180.93,30.24,55.61,14.15,0,0
AFCAGRO,Pharmaceuticals & Chemicals,A,24.8,17.85,77.5,0.32,1152.16,30.29,32.42,37.29,0,0
CENTRALPHL,Pharmaceuticals & Chemicals,B,15.1,6.6,-1.63,-9.24,1198.01,25.89,61.66,12.45,0,0
ADVENT,Pharmaceuticals & Chemicals,A,27.8,13.5,19.72,1.41,830.06,31.44,47.36,21.33,0,0
LIBRAINFU,Pharmaceuticals & Chemicals,A,575.1,1,547.71,1.05,15.02,34.43,59.94,5.63,0,0
RENATA,Pharmaceuticals & Chemicals,A,1368.1,245.65,30.21,45.29,885.89,51.18,8.07,18.01,22.74,0
ACIFORMULA,Pharmaceuticals & Chemicals,A,159.4,53.38,77.38,2.06,450,66.02,6.22,27.76,0,0
ACI,Pharmaceuticals & Chemicals,A,272.7,137.67,-14.78,-18.45,573.73,35.28,27.09,37.63,0,0
IBNSINA,Pharmaceuticals & Chemicals,A,255.1,56.74,20.52,12.43,312.44,44.44,34.64,20.92,0,0
SALVOCHEM,Pharmaceuticals & Chemicals,B,37.7,12.46,125.67,0.3,650.23,22.14,62.79,15.07,0,0
WATACHEM,Pharmaceuticals & Chemicals,A,299.1,59.02,37.16,8.05,148.23,36.41,25.59,38,0,0
AMBEEPHA,Pharmaceuticals & Chemicals,A,415.9,24.1,273.62,1.52,24,75.25,18.9,5.85,0,0
IMAMBUTTON,Pharmaceuticals & Chemicals,Z,28.5,5.32,-58.16,-0.49,77,29.24,61.75,9.01,0,0
KOHINOOR,Pharmaceuticals & Chemicals,A,413,49.34,49.64,8.32,201.83,48.72,36.17,15.11,0,0
RECKITTBEN,Pharmaceuticals & Chemicals,A,4476.6,170.95,28.63,156.38,47.25,82.96,6.09,4.14,3.04,3.77
BEACONPHAR,Pharmaceuticals & Chemicals,B,152.8,20.04,92.61,1.65,2310,30,33.53,36.47,0,0
EHL,Services & Real Estate,A,54.5,62.47,17.47,3.12,933.45,50.09,18.61,31.3,0,0
SAIFPOWER,Services & Real Estate,A,26.1,16.63,22.89,1.14,3408.25,40.06,39.06,20.88,0,0
SAMORITA,Services & Real Estate,A,78.9,49.23,464.12,0.17,188.75,39.33,48.08,12.58,0.01,0
SAPORTL,Services & Real Estate,A,28.4,33.84,33.81,0.84,2322,58.99,25.48,11.68,3.85,0
FORTUNE,Tannery Industries,A,53.7,13.63,67.13,0.8,1474.24,30.93,52.43,16.64,0,0
LEGACYFOOT,Tannery Industries,B,69.5,10.43,-9.43,-7.37,130.8,30,60.02,9.98,0,0
SAMATALETH,Tannery Industries,B,93,14.39,1033.33,0.09,103.2,33.86,60.78,5.36,0,0
APEXFOOT,Tannery Industries,A,235,249.95,41.81,5.62,113,25.48,37.28,37.14,0.1,0
APEXTANRY,Tannery Industries,A,118.5,1.41,1.85,63.89,152,30.4,35.05,28.75,0,0
BATASHOE,Tannery Industries,A,654,2.26,2.44,267.94,136.8,70,9.04,19.15,1.81,0
ROBI,Telecommunication,N,45.1,13.9,136.67,0.33,0,90.05,7.9,2.05,0,0
GP,Telecommunication,A,361,28.4,13.11,27.54,13503,90,2.18,4.66,3.16,0
BSCCL,Telecommunication,A,176.3,40.93,30.4,5.8,1649,0,10.15,13.33,2.68,73.84
HRTEX,Textile,A,62.4,42.78,56.22,1.11,253,50.64,41.6,7.76,0,0
MLDYEING,Textile,A,31.4,16.39,34.51,0.91,2324.34,31.4,24.16,22.55,21.89,0
REGENTTEX,Textile,B,11,30.21,-35.48,-0.31,1286.12,54.55,40.69,4.76,0,0
FAMILYTEX,Textile,Z,5.5,11.63,-36.42,-0.151,3541.6,4.02,77.57,18.41,0,0
ACFL,Textile,A,50,39.68,104.17,0.48,1008.33,72.2,19.01,8.77,0.02,0
GENNEXT,Textile,Z,6.7,11.9,670,0.01,4949.75,13.82,63.16,23.02,0,0
MAKSONSPIN,Textile,B,19.6,0.79,-52.97,-0.37,2382.33,30,52.31,17.69,0,0
PTL,Textile,A,56,24.26,12.56,4.46,1550.8,60.96,22.34,12.6,4.1,0
RINGSHINE,Textile,A,10.2,17.39,35.17,0.29,0,31.54,44.81,23.52,0.13,0
STYLECRAFT,Textile,A,155.4,26.96,293.21,0.53,138.85,41.93,50.99,7.08,0,0
QUEENSOUTH,Textile,A,29.6,16.62,30.83,0.96,1308.76,53.23,14.08,15.82,16.87,0
DACCADYE,Textile,Z,22.2,8.36,170.77,0.13,871.53,30.45,50.75,15.58,0.22,0
DSSL,Textile,A,18,18.98,14.63,1.23,2007.56,32.17,53.04,14.79,0,0
PDL,Textile,A,13.8,14.64,25.56,0.54,1817.33,30.97,43.51,25.5,0.02,0
CNATEX,Textile,Z,6.1,16.74,5.35,1.14,2393.16,22.14,62.19,15.67,0,0
SONARGAON,Textile,B,24.8,24.43,-6.67,-3.72,264.67,44.55,53.63,1.8,0,0
MATINSPINN,Textile,A,54.6,49.29,25.28,2.16,974.9,32.72,10.96,56.32,0,0
ALIF,Textile,A,13.6,14.5,18.38,0.74,2599.27,30.46,53.47,16.07,0,0
DELTASPINN,Textile,B,10.2,14.41,35.17,0.29,1664.82,18.07,63.66,18.27,0,0
SAIHAMCOT,Textile,A,18.1,35.97,-28.28,-0.64,1487.75,42.4,45.33,12.27,0,0
PRIMETEX,Textile,B,22,0.54,-8.24,-2.67,382,50,41.3,8.45,0.25,0
ARGONDENIM,Textile,A,25.4,27.21,16.6,1.53,1322.75,36.08,26.25,37.67,0,0
METROSPIN,Textile,B,17.8,14.53,222.5,0.08,616.98,30.09,60.68,9.23,0,0
MALEKSPIN,Textile,A,28.9,1.74,-17.2,-1.68,1936,47.34,19.6,33.06,0,0
KTL,Textile,A,30.1,17.63,21.05,1.43,1163.05,30.32,61.13,8.41,0.14,0
ZAHINTEX,Textile,B,9.6,22.49,-2.55,-3.77,818.29,36.94,40.47,22.45,0,0
AL-HAJTEX,Textile,B,42.6,8.45,-45.81,-0.93,222.99,12.78,74.64,12.55,0,0.03
VFSTDL,Textile,A,25.6,17.93,17.18,1.49,1025.05,30.88,41.42,9.4,18.3,0
FEKDIL,Textile,A,15.7,19.36,47.58,0.33,2187.44,67.2,19.75,13.05,0,0
ESQUIRENIT,Textile,A,35.9,50.61,18.22,1.97,1348.96,46.95,13,40.05,0,0
RNSPIN,Textile,Z,6.8,18.34,-7.73,-0.88,3925.45,30,57.59,12.39,0.02,0
TOSRIFA,Textile,B,17.7,28.71,-6.17,-2.87,663.27,49.72,26.01,24.27,0,0
NURANI,Textile,A,9.9,1.18,-24.15,-0.41,1226.25,30.93,51.79,17.28,0,0
AIL,Textile,A,37.2,20.83,13.58,2.74,442.52,33.35,56.86,9.79,0,0
SHEPHERD,Textile,A,17.9,15.79,-119.33,-0.15,1502.89,51.48,18.59,11.53,18.4,0
SIMTEX,Textile,A,18.4,21,32.86,0.56,795.95,32.69,48.63,18.39,0.29,0
MHSML,Textile,B,18.3,15.2,-15.38,-1.19,1009.93,39.61,30.73,29.6,0.06,0
APEXSPINN,Textile,A,129.6,54.17,87.57,1.48,84,54.81,20,24.75,0.44,0
NEWLINE,Textile,A,28.7,23.83,25.18,1.14,785.33,30.8,55.12,14.06,0,0
TALLUSPIN,Textile,Z,7.9,11.97,-6.99,-1.13,893.35,30,47.25,22.6,0.15,0
ANLIMAYARN,Textile,B,38.7,10.69,276.43,0.14,178.68,47.22,43.29,9.49,0,0
ALLTEX,Textile,Z,13,15.78,-2.38,-5.47,559.68,40.74,53.24,6.02,0,0
SHASHADNIM,Textile,A,25.7,43.48,11.95,2.15,1410.36,37.56,43.1,18.22,1.12,0
ZAHEENSPIN,Textile,B,10.8,8.78,-3.19,-3.39,1138.28,31.1,43.2,25.7,0,0
SAFKOSPINN,Textile,B,23.8,17.23,-4.18,-5.69,299.82,30,69.05,0.95,0,0
RAHIMTEXT,Textile,A,296.5,36.85,395.33,0.75,94.6,70.94,24.14,4.92,0,0
TUNGHAI,Textile,Z,7.1,13.24,5.77,1.23,1066.53,30.04,67.05,2.91,0,0
SAIHAMTEX,Textile,A,23.1,41.66,-26.86,-0.86,905.63,33.7,32.49,33.81,0,0
HFL,Textile,A,18.8,40.04,44.76,0.42,910.57,51.51,16.56,31.93,0,0
DSHGARME,Textile,A,167.2,20.01,388.84,0.43,75.35,58.06,37.2,5.36,0,0
DULAMIACOT,Textile,Z,55,-34.97,-42.97,-1.28,75.57,33.01,62.45,4.54,0,0
MONNOFABR,Textile,Z,25,0,0,0,0,0,0,0,0,0
TAMIJTEX,Textile,Z,81.3,0,0,0,0,0,0,0,0,0
SQUARETEXT,Textile,A,47,36.29,174.07,0.27,1972.52,61.83,12.77,22.39,3.11,0
ETL,Textile,A,10.9,13.52,54.5,0.2,1829.52,36.67,41.14,22.19,0,0
ENVOYTEX,Textile,A,34.1,40.57,20.92,1.63,1677.35,45.58,10.87,43.49,0.06,0
MITHUNKNIT,Textile,Z,13.4,19.75,-5.98,-2.24,324.91,17.2,67.27,15.39,0.14,0
HWAWELLTEX,Textile,A,43,30.52,18.61,2.31,560,50.83,39.06,10.05,0.06,0
UNIQUEHRL,Travel & Leisure,A,43.6,79.68,45.89,0.95,2944,52.23,14.84,32.07,0.86,0
SEAPEARL,Travel & Leisure,B,43,10.06,-477.78,-0.09,1207.5,46.83,23.64,29.53,0,0
PENINSULA,Travel & Leisure,A,22.4,30.87,448,0.05,1186.67,45.4,35.95,18.55,0.1,0
